{
  "mae_tr": 490.7339158164478,
  "rmse_tr": 611.3084541915765,
  "mae_va": 2990.332291844089,
  "rmse_va": 3106.1261050902954
}