{
  "bias": 0.5653648718938454,
  "weights": [
    -0.01710120790122022,
    -0.007315272543151761,
    0.007435728504469951,
    0.0020971090860802183,
    0.007130673566512994,
    0.009280035033455076,
    0.01489158667648601,
    -0.023835787382405584,
    -0.010576792443257165,
    -0.0019019703165178356,
    -0.02643786384230698,
    -0.001840859758586081,
    -0.02153872455444748,
    0.0025133281486538783,
    -0.016902832049313296,
    -0.0019159022235352029,
    0.0008221769393664636,
    -0.0021379511474746054,
    0.0019586170695511675,
    0.020716122796164922,
    -0.00041217423480701803,
    -0.001518219331072612,
    0.0027258119561180674,
    -0.007494606344457076,
    -0.0009550115500033159,
    -0.001328468904506323,
    0.0011868512715541546,
    -0.01601033173418747,
    0.005857010582545754,
    -0.02202096558402039,
    0.026053673048654004,
    0.0029155459052659367,
    -0.0011421105456050696,
    -0.009597153440962342,
    0.0013734047444155055,
    0.002517187825290516,
    -0.00025406040075650325,
    -0.025810556387213465,
    -0.0018382861047164757,
    0.001450579660185713,
    0.0016571800414522976,
    0.001211031767783543,
    -0.01001000240556543,
    -0.0022565588384743534,
    -0.009781355558840597,
    -0.01765245897370403,
    0.0019429616870157162,
    -0.017252581229804075,
    0.009296467719179212,
    -0.01828763532931565,
    -0.021599252004929254,
    -0.02142178226071064,
    0.00977962485770874,
    -0.0007127477787529249,
    -0.029897073502609537,
    -0.01872763427876975,
    -0.018600268617098726,
    0.00037768829637628386,
    -0.029261961874343514,
    0.002158900179734159,
    -0.003752172952315334,
    -0.019807411780705362,
    0.00036287873196930534,
    -0.022585310591296877,
    0.0015857704384957757,
    0.0017688689213623207,
    -0.005714297603838341,
    -0.0027436239612005945,
    0.0017381860106932712,
    -0.0004265374098392272,
    -0.0028443054826941664,
    -0.0037202511823825595,
    0.00301140186302085,
    0.0011084833349881854,
    -0.021406583124722843,
    -0.007760318512816024,
    0.004757243294101765,
    0.0003534844767906874,
    0.0013948336318494493,
    -0.005581314511214895,
    -0.021225441913081153,
    0.0026423479989601084,
    0.005130190210120968,
    -0.012569638043407093,
    -0.002666277123260324,
    -0.0026635170221448496,
    -0.02525484764309849,
    2.7857232415573838e-05,
    0.0010718860371059793,
    -0.004048604729054276,
    0.0014835610282332946,
    -0.012372905337456207,
    -0.02116948515619476,
    -0.00017774192621141603,
    0.009914755364277677,
    -0.0032265219624039243,
    -0.0029491276111929463,
    0.006833090829214018,
    -0.015621806592748292,
    -0.0020188811265817305,
    0.019543643581741082,
    0.011294993454262454,
    0.009871483666269356,
    0.00907374192546852,
    -0.0020816197817689415,
    0.017596517349187803,
    -0.002118195429415738,
    -0.0007559175158948529,
    0.0018735742468953926,
    -0.003851281353554329,
    0.0009686029618286887,
    0.0005300618692657883,
    0.02504459769739023,
    -0.012280750473861164,
    0.011066434674449802,
    -0.0011805715777340187,
    0.0005187813113156542,
    -0.016943576109234523,
    0.004310287962803441,
    0.016783499374753704,
    -0.02500527026471199,
    -0.003326188333729579,
    -0.017998169858272,
    0.003030482181662534,
    0.014313892519877715,
    -0.00991495070340442,
    0.0032626205676076123,
    -0.021969111836784887,
    -0.0010074259706967783,
    -0.002065919326763942,
    -0.0008691307103009438,
    -0.017804943165829243,
    -0.0065755657207667816,
    0.01566216743438104,
    -0.0008444022980373337,
    -0.0022643631870488765,
    0.002671555491272688,
    -0.00199593572469752,
    0.004451966379825606,
    0.006496828284711486,
    0.0066275980027424,
    -0.0228426607240888,
    -0.010162325271279856,
    -0.0033582465361565272,
    -0.009088148074646989,
    -0.0009260920265372797,
    0.0036783522476685885,
    -0.0003139112513957872,
    -0.0002984143276306325,
    0.0003501598263319562,
    0.007429046658943217,
    -0.0018112310237840773,
    -0.0038552403531183763,
    -0.0010842855541756968,
    -0.0001199150616944453,
    0.003941825395648036,
    0.00029046367347667685,
    0.03428403060010722,
    -0.001113243265549841,
    -0.017931094056388194,
    -0.010782269325066736,
    -0.01385963045075235,
    -0.016017089259460784,
    -0.0018313864406861858,
    0.001869518702001009,
    0.01217235671441619,
    -0.00476407324764526,
    -0.008667149019922793,
    0.007579582553298025,
    -9.088525482668195e-05,
    -0.03311456177246185,
    -0.025593989660696558,
    -0.0010144437421594572,
    -0.031602733672746866,
    -0.00482924822028554,
    0.0003848067911705294,
    0.003520785506683581,
    0.003931304524917315,
    -0.0002645192907054564,
    0.0006372858602431465,
    0.016214866064980755,
    -0.016098694910957386,
    0.0025039065521169947,
    -0.0026758318375143903,
    0.0009559672047481473,
    -0.012622871832414052,
    0.0004085445652854217,
    -0.01757576075631222,
    0.0010799484473511109,
    0.0036809545444459755,
    0.0015503684279474172,
    -0.03029166771323825,
    -0.024248147830483086,
    0.0032584765839615308,
    -0.008708029232860855,
    -0.02199307563762575,
    -0.017481644797777737,
    -0.0267738536847129,
    -0.004210589346859457,
    0.01155618915409386,
    0.01109722367947715,
    -0.0019232776342175493,
    -0.007238956175467771,
    -0.0058398484112212315,
    -0.011874544784626928,
    -0.00010862389537527892,
    -0.0018800895150244367,
    -0.03652953387037986,
    -0.02350150295805299,
    -0.0007449708575657589,
    -0.028413247388366532
  ],